[{
        "finder": "DMA:0x1f",
        "data": [{
                "offset": 1155920,
                "value": 128
            },
            {
                "offset": 1155921,
                "value": 146
            },
            {
                "offset": 1155922,
                "value": 84
            },
            {
                "offset": 1155923,
                "value": 32
            },
            {
                "offset": 1156444,
                "value": 128
            },
            {
                "offset": 1156445,
                "value": 146
            },
            {
                "offset": 1156446,
                "value": 81
            },
            {
                "offset": 1156447,
                "value": 16
            },
            {
                "offset": 1156448,
                "value": 128
            },
            {
                "offset": 1156449,
                "value": 146
            },
            {
                "offset": 1156450,
                "value": 81
            },
            {
                "offset": 1156451,
                "value": 16
            },
            {
                "offset": 1156452,
                "value": 128
            },
            {
                "offset": 1156453,
                "value": 146
            },
            {
                "offset": 1156454,
                "value": 83
            },
            {
                "offset": 1156455,
                "value": 120
            },
            {
                "offset": 1156456,
                "value": 128
            },
            {
                "offset": 1156457,
                "value": 146
            },
            {
                "offset": 1156458,
                "value": 83
            },
            {
                "offset": 1156459,
                "value": 120
            },
            {
                "offset": 1156460,
                "value": 128
            },
            {
                "offset": 1156461,
                "value": 146
            },
            {
                "offset": 1156462,
                "value": 83
            },
            {
                "offset": 1156463,
                "value": 144
            },
            {
                "offset": 1156464,
                "value": 128
            },
            {
                "offset": 1156465,
                "value": 146
            },
            {
                "offset": 1156466,
                "value": 83
            },
            {
                "offset": 1156467,
                "value": 144
            },
            {
                "offset": 1156500,
                "value": 128
            },
            {
                "offset": 1156501,
                "value": 146
            },
            {
                "offset": 1156502,
                "value": 84
            },
            {
                "offset": 1156503,
                "value": 24
            },
            {
                "offset": 1156504,
                "value": 128
            },
            {
                "offset": 1156505,
                "value": 146
            },
            {
                "offset": 1156506,
                "value": 84
            },
            {
                "offset": 1156507,
                "value": 24
            },
            {
                "offset": 1156540,
                "value": 128
            },
            {
                "offset": 1156541,
                "value": 146
            },
            {
                "offset": 1156542,
                "value": 84
            },
            {
                "offset": 1156543,
                "value": 24
            },
            {
                "offset": 1156544,
                "value": 128
            },
            {
                "offset": 1156545,
                "value": 146
            },
            {
                "offset": 1156546,
                "value": 84
            },
            {
                "offset": 1156547,
                "value": 24
            },
            {
                "offset": 1156580,
                "value": 128
            },
            {
                "offset": 1156581,
                "value": 146
            },
            {
                "offset": 1156582,
                "value": 84
            },
            {
                "offset": 1156583,
                "value": 24
            },
            {
                "offset": 1156584,
                "value": 128
            },
            {
                "offset": 1156585,
                "value": 146
            },
            {
                "offset": 1156586,
                "value": 84
            },
            {
                "offset": 1156587,
                "value": 24
            },
            {
                "offset": 1156588,
                "value": 128
            },
            {
                "offset": 1156589,
                "value": 146
            },
            {
                "offset": 1156590,
                "value": 82
            },
            {
                "offset": 1156591,
                "value": 56
            },
            {
                "offset": 1156592,
                "value": 128
            },
            {
                "offset": 1156593,
                "value": 146
            },
            {
                "offset": 1156594,
                "value": 82
            },
            {
                "offset": 1156595,
                "value": 56
            },
            {
                "offset": 1156596,
                "value": 128
            },
            {
                "offset": 1156597,
                "value": 146
            },
            {
                "offset": 1156598,
                "value": 82
            },
            {
                "offset": 1156599,
                "value": 104
            },
            {
                "offset": 1156600,
                "value": 128
            },
            {
                "offset": 1156601,
                "value": 146
            },
            {
                "offset": 1156602,
                "value": 82
            },
            {
                "offset": 1156603,
                "value": 104
            },
            {
                "offset": 1156604,
                "value": 128
            },
            {
                "offset": 1156605,
                "value": 146
            },
            {
                "offset": 1156606,
                "value": 82
            },
            {
                "offset": 1156607,
                "value": 144
            },
            {
                "offset": 1156608,
                "value": 128
            },
            {
                "offset": 1156609,
                "value": 146
            },
            {
                "offset": 1156610,
                "value": 82
            },
            {
                "offset": 1156611,
                "value": 144
            },
            {
                "offset": 1156612,
                "value": 128
            },
            {
                "offset": 1156613,
                "value": 146
            },
            {
                "offset": 1156614,
                "value": 82
            },
            {
                "offset": 1156615,
                "value": 184
            },
            {
                "offset": 1156616,
                "value": 128
            },
            {
                "offset": 1156617,
                "value": 146
            },
            {
                "offset": 1156618,
                "value": 82
            },
            {
                "offset": 1156619,
                "value": 184
            },
            {
                "offset": 1156620,
                "value": 128
            },
            {
                "offset": 1156621,
                "value": 146
            },
            {
                "offset": 1156622,
                "value": 82
            },
            {
                "offset": 1156623,
                "value": 224
            },
            {
                "offset": 1156624,
                "value": 128
            },
            {
                "offset": 1156625,
                "value": 146
            },
            {
                "offset": 1156626,
                "value": 82
            },
            {
                "offset": 1156627,
                "value": 224
            },
            {
                "offset": 1156628,
                "value": 128
            },
            {
                "offset": 1156629,
                "value": 146
            },
            {
                "offset": 1156630,
                "value": 81
            },
            {
                "offset": 1156631,
                "value": 240
            },
            {
                "offset": 1156632,
                "value": 128
            },
            {
                "offset": 1156633,
                "value": 146
            },
            {
                "offset": 1156634,
                "value": 81
            },
            {
                "offset": 1156635,
                "value": 240
            },
            {
                "offset": 1156636,
                "value": 128
            },
            {
                "offset": 1156637,
                "value": 146
            },
            {
                "offset": 1156638,
                "value": 81
            },
            {
                "offset": 1156639,
                "value": 224
            },
            {
                "offset": 1156640,
                "value": 128
            },
            {
                "offset": 1156641,
                "value": 146
            },
            {
                "offset": 1156642,
                "value": 81
            },
            {
                "offset": 1156643,
                "value": 224
            },
            {
                "offset": 1156644,
                "value": 128
            },
            {
                "offset": 1156645,
                "value": 146
            },
            {
                "offset": 1156646,
                "value": 81
            },
            {
                "offset": 1156647,
                "value": 200
            },
            {
                "offset": 1156648,
                "value": 128
            },
            {
                "offset": 1156649,
                "value": 146
            },
            {
                "offset": 1156650,
                "value": 81
            },
            {
                "offset": 1156651,
                "value": 200
            },
            {
                "offset": 1156684,
                "value": 128
            },
            {
                "offset": 1156685,
                "value": 146
            },
            {
                "offset": 1156686,
                "value": 83
            },
            {
                "offset": 1156687,
                "value": 88
            },
            {
                "offset": 1156688,
                "value": 128
            },
            {
                "offset": 1156689,
                "value": 146
            },
            {
                "offset": 1156690,
                "value": 83
            },
            {
                "offset": 1156691,
                "value": 88
            },
            {
                "offset": 1156724,
                "value": 128
            },
            {
                "offset": 1156725,
                "value": 146
            },
            {
                "offset": 1156726,
                "value": 81
            },
            {
                "offset": 1156727,
                "value": 136
            },
            {
                "offset": 1156728,
                "value": 128
            },
            {
                "offset": 1156729,
                "value": 146
            },
            {
                "offset": 1156730,
                "value": 81
            },
            {
                "offset": 1156731,
                "value": 136
            },
            {
                "offset": 1156764,
                "value": 128
            },
            {
                "offset": 1156765,
                "value": 146
            },
            {
                "offset": 1156766,
                "value": 81
            },
            {
                "offset": 1156767,
                "value": 144
            },
            {
                "offset": 1156768,
                "value": 128
            },
            {
                "offset": 1156769,
                "value": 146
            },
            {
                "offset": 1156770,
                "value": 81
            },
            {
                "offset": 1156771,
                "value": 144
            },
            {
                "offset": 1156812,
                "value": 128
            },
            {
                "offset": 1156813,
                "value": 146
            },
            {
                "offset": 1156814,
                "value": 83
            },
            {
                "offset": 1156815,
                "value": 0
            },
            {
                "offset": 1156816,
                "value": 128
            },
            {
                "offset": 1156817,
                "value": 146
            },
            {
                "offset": 1156818,
                "value": 83
            },
            {
                "offset": 1156819,
                "value": 0
            },
            {
                "offset": 1156820,
                "value": 128
            },
            {
                "offset": 1156821,
                "value": 146
            },
            {
                "offset": 1156822,
                "value": 83
            },
            {
                "offset": 1156823,
                "value": 32
            },
            {
                "offset": 1156824,
                "value": 128
            },
            {
                "offset": 1156825,
                "value": 146
            },
            {
                "offset": 1156826,
                "value": 83
            },
            {
                "offset": 1156827,
                "value": 32
            },
            {
                "offset": 1156828,
                "value": 128
            },
            {
                "offset": 1156829,
                "value": 146
            },
            {
                "offset": 1156830,
                "value": 83
            },
            {
                "offset": 1156831,
                "value": 64
            },
            {
                "offset": 1156832,
                "value": 128
            },
            {
                "offset": 1156833,
                "value": 146
            },
            {
                "offset": 1156834,
                "value": 83
            },
            {
                "offset": 1156835,
                "value": 64
            },
            {
                "offset": 1156868,
                "value": 128
            },
            {
                "offset": 1156869,
                "value": 146
            },
            {
                "offset": 1156870,
                "value": 81
            },
            {
                "offset": 1156871,
                "value": 160
            },
            {
                "offset": 1156872,
                "value": 128
            },
            {
                "offset": 1156873,
                "value": 146
            },
            {
                "offset": 1156874,
                "value": 81
            },
            {
                "offset": 1156875,
                "value": 160
            },
            {
                "offset": 1156908,
                "value": 128
            },
            {
                "offset": 1156909,
                "value": 146
            },
            {
                "offset": 1156910,
                "value": 81
            },
            {
                "offset": 1156911,
                "value": 168
            },
            {
                "offset": 1156912,
                "value": 128
            },
            {
                "offset": 1156913,
                "value": 146
            },
            {
                "offset": 1156914,
                "value": 81
            },
            {
                "offset": 1156915,
                "value": 168
            },
            {
                "offset": 1156948,
                "value": 128
            },
            {
                "offset": 1156949,
                "value": 146
            },
            {
                "offset": 1156950,
                "value": 83
            },
            {
                "offset": 1156951,
                "value": 192
            },
            {
                "offset": 1156952,
                "value": 128
            },
            {
                "offset": 1156953,
                "value": 146
            },
            {
                "offset": 1156954,
                "value": 83
            },
            {
                "offset": 1156955,
                "value": 192
            },
            {
                "offset": 1156988,
                "value": 128
            },
            {
                "offset": 1156989,
                "value": 146
            },
            {
                "offset": 1156990,
                "value": 83
            },
            {
                "offset": 1156991,
                "value": 216
            },
            {
                "offset": 1156992,
                "value": 128
            },
            {
                "offset": 1156993,
                "value": 146
            },
            {
                "offset": 1156994,
                "value": 83
            },
            {
                "offset": 1156995,
                "value": 216
            },
            {
                "offset": 1157028,
                "value": 128
            },
            {
                "offset": 1157029,
                "value": 146
            },
            {
                "offset": 1157030,
                "value": 83
            },
            {
                "offset": 1157031,
                "value": 168
            },
            {
                "offset": 1157032,
                "value": 128
            },
            {
                "offset": 1157033,
                "value": 146
            },
            {
                "offset": 1157034,
                "value": 83
            },
            {
                "offset": 1157035,
                "value": 168
            },
            {
                "offset": 1157068,
                "value": 128
            },
            {
                "offset": 1157069,
                "value": 146
            },
            {
                "offset": 1157070,
                "value": 81
            },
            {
                "offset": 1157071,
                "value": 152
            },
            {
                "offset": 1157072,
                "value": 128
            },
            {
                "offset": 1157073,
                "value": 146
            },
            {
                "offset": 1157074,
                "value": 81
            },
            {
                "offset": 1157075,
                "value": 152
            },
            {
                "offset": 1157092,
                "value": 128
            },
            {
                "offset": 1157093,
                "value": 146
            },
            {
                "offset": 1157094,
                "value": 84
            },
            {
                "offset": 1157095,
                "value": 24
            },
            {
                "offset": 1157112,
                "value": 128
            },
            {
                "offset": 1157113,
                "value": 146
            },
            {
                "offset": 1157114,
                "value": 81
            },
            {
                "offset": 1157115,
                "value": 144
            },
            {
                "offset": 1157132,
                "value": 128
            },
            {
                "offset": 1157133,
                "value": 146
            },
            {
                "offset": 1157134,
                "value": 81
            },
            {
                "offset": 1157135,
                "value": 112
            },
            {
                "offset": 1157152,
                "value": 128
            },
            {
                "offset": 1157153,
                "value": 146
            },
            {
                "offset": 1157154,
                "value": 84
            },
            {
                "offset": 1157155,
                "value": 8
            },
            {
                "offset": 1157172,
                "value": 128
            },
            {
                "offset": 1157173,
                "value": 146
            },
            {
                "offset": 1157174,
                "value": 83
            },
            {
                "offset": 1157175,
                "value": 240
            },
            {
                "offset": 1159892,
                "value": 128
            },
            {
                "offset": 1159893,
                "value": 146
            },
            {
                "offset": 1159894,
                "value": 82
            },
            {
                "offset": 1159895,
                "value": 32
            }
        ],
        "hash": "4e8afbb44e6a4b9bc00eaa318bb1650c"
    },
    {
        "finder": "DMA:0x53",
        "data": [{
                "offset": 2606,
                "value": 128
            },
            {
                "offset": 2607,
                "value": 146
            },
            {
                "offset": 2610,
                "value": 82
            },
            {
                "offset": 2611,
                "value": 8
            }
        ],
        "hash": "0b00f607345895fd0086f76b1375391f"
    }
]